{
  "biomarkers": [
    "tTau_AB42Ratio",
    "AB42_AB40Ratio",
    "P_TAU_LUMI"
  ],
  "linguistic": [
    "AUX(participant)",
    "VERB(participant)",
    "CCONJ(participant)",
    "NUM(participant)",
    "PROPN(participant)",
    "TTR(participant)",
    "MATTR(participant)"
  ],
  "label_map": {
    "Normal": 0,
    "MCI": 1,
    "Prob AD": 2
  },
  "feature_means": {
    "tTau_AB42Ratio": 0.5669153430563234,
    "AB42_AB40Ratio": 0.07847883635788447,
    "P_TAU_LUMI": 45.53888888888889,
    "AUX(participant)": 47.732558139534895,
    "VERB(participant)": 75.8953488372093,
    "CCONJ(participant)": 37.577777777777776,
    "NUM(participant)": 10.366666666666667,
    "PROPN(participant)": 21.677777777777777,
    "TTR(participant)": 0.41437429145555543,
    "MATTR(participant)": 0.9891290847222222
  },
    "feature_means_brain_model":{
    "uniquetokens(participant)": 248.5,
    "TTR(participant)": 0.371693437, 
    "MATTR(participant)": 0.9897507465,
    "VERB(participant)": 75.8953488372093,
    "PROPN(participant)": 20.0,
    "NUM(participant)": 10.0,
    "AUX(participant)": 47.73255813953488,
    "CCONJ(participant)": 35.0,
    "AB40_LUMI": 11410.4,
    "AB42_LUMI": 788.0,
    "P_TAU_LUMI": 39.25,
    "T_TAU_LUMI": 316.5, 
    "AB42_AB40Ratio": 0.0866841479872977,
    "tTau_AB42Ratio": 0.3271804698034205,
    "pTau_AB42Ratio": 0.0385401194692728
  }

}